JANCODE,PRODUCT_NAME,MAKER_NAME,MAKER_CODE
4902806450057,Ban デオドラントパウダースプレー せっけん 135g,ライオン,LION01
4902806450040,Ban デオドラントパウダースプレー 無香料 135g,ライオン,LION01
4902806450026,Ban ニオイブロックロールオン せっけん 40ml,ライオン,LION01
4902806450071,Ban プレミアムゴールドラベル 40ml,ライオン,LION01
4902806450064,Ban 汗ブロックスティック 無香料 20g,ライオン,LION01
4902806450019,Ban 汗ブロックロールオン プレミアムラベル 40ml,ライオン,LION01
4902806450033,Ban 爽感さっぱりシャワーシート 36枚,ライオン,LION01
4902806460029,のどぬ〜る ぬれマスク 就寝用 ハーブ&ユーカリ 3組,ライオン,LION01
4902806460012,のどぬ〜る ぬれマスク 就寝用 無香料 3組,ライオン,LION01
4902806460036,のどぬ〜る ぬれマスク 昼夜兼用 ハーブ&ユーカリ 3組,ライオン,LION01
4902806460043,のどぬ〜るスプレー 15ml,ライオン,LION01
4902806460050,のどぬ〜るスプレー 長いノズル 15ml,ライオン,LION01
4987072550029,のどぬ〜る ぬれマスク 3枚,小林製薬,KOBA01
4987072550012,のどぬ〜る マスク 就寝用 3枚,小林製薬,KOBA01
4902806440010,キレイキレイ 薬用ハンドジェル 230ml,ライオン,LION01
4902806440027,キレイキレイ 薬用泡ハンドソープ 250ml,ライオン,LION01
4902806440034,キレイキレイ 薬用泡ハンドソープ 詰替 200ml,ライオン,LION01
4902806480028,クリニカ ハミガキ フレッシュミント 130g,ライオン,LION01
4902806480011,クリニカ ハミガキ マイルドミント 130g,ライオン,LION01
4902806480035,システマ ハグキプラス ハミガキ 90g,ライオン,LION01
4902806130024,冷えピタ こども用 16枚,ライオン,LION01
4902806130055,冷えピタ ストロング 12枚,ライオン,LION01
4902806130048,冷えピタ 大人用 12枚,ライオン,LION01
4902806130017,冷えピタ 大人用 16枚,ライオン,LION01
4902806130031,冷えピタ 赤ちゃん用 12枚,ライオン,LION01
4987067250028,スキンアクア スーパーモイスチャージェル 110g,ロート製薬,ROHT01
4987067250059,スキンアクア スーパーモイスチャーミルク 40ml,ロート製薬,ROHT01
4987067250011,スキンアクア トーンアップUVエッセンス 80g,ロート製薬,ROHT01
4987067250035,スキンアクア ネクスタ シールドセラムUVミルク 50ml,ロート製薬,ROHT01
4987067250042,スキンアクア 透明感アップ トーンアップUVエッセンス 80g,ロート製薬,ROHT01
4987241150014,アイボン AL 500ml,小林製薬,KOBA01
4987241150021,アイボン うるおいケア 500ml,小林製薬,KOBA01
4987241150038,アイボン とろ〜りWモイスト 500ml,小林製薬,KOBA01
4987241150045,アイボン クール 500ml,小林製薬,KOBA01
4987072570010,サワデー 香るスティック パルファム ノアール 70ml,小林製薬,KOBA01
4987072570027,サワデー 香るスティック パルファム ブラン 70ml,小林製薬,KOBA01
4987072560028,ハナノア シャワータイプ 300ml,小林製薬,KOBA01
4987072560035,ハナノア 専用洗浄液 500ml,小林製薬,KOBA01
4987072560011,ハナノア 鼻うがい 300ml,小林製薬,KOBA01
4901548160068,桐灰カイロ くつ下用 貼る 15足入,小林製薬,KOBA01
4901548160075,桐灰カイロ くつ用 貼る 5足入,小林製薬,KOBA01
4901548160051,桐灰カイロ マグマ 貼る 10個入,小林製薬,KOBA01
4901548160037,桐灰カイロ 貼らないタイプ レギュラー 30個入,小林製薬,KOBA01
4901548160020,桐灰カイロ 貼るタイプ ミニ 30個入,小林製薬,KOBA01
4901548160013,桐灰カイロ 貼るタイプ レギュラー 30個入,小林製薬,KOBA01
4987123700023,熱さまシート こども用 16枚,小林製薬,KOBA01
4987123700047,熱さまシート ストロング 12枚,小林製薬,KOBA01
4987123700054,熱さまシート 大人用 12枚,小林製薬,KOBA01
4987123700016,熱さまシート 大人用 16枚,小林製薬,KOBA01
4987123700030,熱さまシート 赤ちゃん用 12枚,小林製薬,KOBA01
4901301350138,8×4 パウダースプレー せっけん 150g,花王,KAO001
4901301350121,8×4 パウダースプレー 無香料 150g,花王,KAO001
4901301350152,8×4 ボディフレッシュ 無香料 150ml,花王,KAO001
4901301350169,8×4 メン デオドラントスプレー 135g,花王,KAO001
4901301350145,8×4 ロールオン 無香料 45ml,花王,KAO001